zero_crossing_rate,spectral_centroid,spectral_bandwidth,spectral_rolloff,mfcc_0,mfcc_0_std,mfcc_1,mfcc_1_std,mfcc_2,mfcc_2_std,mfcc_3,mfcc_3_std,mfcc_4,mfcc_4_std,mfcc_5,mfcc_5_std,mfcc_6,mfcc_6_std,mfcc_7,mfcc_7_std,mfcc_8,mfcc_8_std,mfcc_9,mfcc_9_std,mfcc_10,mfcc_10_std,mfcc_11,mfcc_11_std,mfcc_12,mfcc_12_std,chroma_stft_mean,chroma_stft_std,mel_spectrogram_mean,mel_spectrogram_std,spectral_contrast_mean,spectral_contrast_std,tonnetz_mean
0.10080669300766283,1490.142556751535,1146.0633576681769,2498.9240975215516,-389.2121,93.402885,141.25667,40.92549,-55.5349,59.34868,26.120401,47.868168,17.36268,19.013048,-11.287817,27.782137,6.5654416,23.690834,-5.6035132,13.950675,8.985298,20.308775,4.7833166,20.497616,-8.2514105,12.762818,3.7179759,18.205967,-2.3511229,12.606752,0.32155278,0.32976738,0.29935995,2.586752,24.74739803466404,11.769335260712467,-0.003618765835580466
