{
  "threshold": 0.5,
  "model_type": "classifier",
  "model_class": "RandomForestClassifier",
  "accuracy": 0.655,
  "balanced_accuracy": 0.655,
  "precision": 0.6565656565656566,
  "recall": 0.65,
  "f1": 0.6532663316582915,
  "cohen_kappa": 0.31000000000000005,
  "matthews_corrcoef": 0.31001550116259685,
  "roc_auc": 0.69945,
  "average_precision": 0.6829554102622066,
  "log_loss": 0.6459074342140196,
  "classification_report": {
    "REAL": {
      "precision": 0.6534653465346535,
      "recall": 0.66,
      "f1-score": 0.6567164179104478,
      "support": 100.0
    },
    "FAKE": {
      "precision": 0.6565656565656566,
      "recall": 0.65,
      "f1-score": 0.6532663316582915,
      "support": 100.0
    },
    "accuracy": 0.655,
    "macro avg": {
      "precision": 0.6550155015501551,
      "recall": 0.655,
      "f1-score": 0.6549913747843696,
      "support": 200.0
    },
    "weighted avg": {
      "precision": 0.6550155015501551,
      "recall": 0.655,
      "f1-score": 0.6549913747843696,
      "support": 200.0
    }
  },
  "confusion_matrix": [
    [
      66,
      34
    ],
    [
      35,
      65
    ]
  ],
  "true_negatives": 66,
  "false_positives": 34,
  "false_negatives": 35,
  "true_positives": 65,
  "false_positive_rate": 0.34,
  "false_negative_rate": 0.35,
  "true_positive_rate": 0.65,
  "true_negative_rate": 0.66,
  "precision_recall_curve": {
    "precision": [
      0.5,
      0.5025125628140703,
      0.5050505050505051,
      0.5076142131979695,
      0.5128205128205128,
      0.5103092783505154,
      0.5077720207253886,
      0.5104166666666666,
      0.5157894736842106,
      0.5185185185185185,
      0.521505376344086,
      0.518918918918919,
      0.5217391304347826,
      0.5166666666666667,
      0.5195530726256983,
      0.5284090909090909,
      0.5287356321839081,
      0.5260115606936416,
      0.5290697674418605,
      0.5297619047619048,
      0.5432098765432098,
      0.546583850931677,
      0.5471698113207547,
      0.5506329113924051,
      0.5576923076923077,
      0.564935064935065,
      0.5821917808219178,
      0.5886524822695035,
      0.6014492753623188,
      0.6074074074074074,
      0.6259541984732825,
      0.625,
      0.6311475409836066,
      0.6239316239316239,
      0.6272727272727273,
      0.6504854368932039,
      0.6565656565656566,
      0.6666666666666666,
      0.6736842105263158,
      0.6774193548387096,
      0.6853932584269663,
      0.6951219512195121,
      0.7088607594936709,
      0.72,
      0.7183098591549296,
      0.7246376811594203,
      0.7301587301587301,
      0.7017543859649122,
      0.6923076923076923,
      0.7,
      0.6744186046511628,
      0.6585365853658537,
      0.675,
      0.7352941176470589,
      0.7272727272727273,
      0.7241379310344828,
      0.76,
      0.7619047619047619,
      0.7894736842105263,
      0.7777777777777778,
      0.75,
      0.7857142857142857,
      0.8333333333333334,
      0.8181818181818182,
      0.8,
      0.7777777777777778,
      0.8571428571428571,
      0.8,
      0.75,
      0.6666666666666666,
      1.0,
      1.0,
      1.0
    ],
    "recall": [
      1.0,
      1.0,
      1.0,
      1.0,
      1.0,
      0.99,
      0.98,
      0.98,
      0.98,
      0.98,
      0.97,
      0.96,
      0.96,
      0.93,
      0.93,
      0.93,
      0.92,
      0.91,
      0.91,
      0.89,
      0.88,
      0.88,
      0.87,
      0.87,
      0.87,
      0.87,
      0.85,
      0.83,
      0.83,
      0.82,
      0.82,
      0.8,
      0.77,
      0.73,
      0.69,
      0.67,
      0.65,
      0.64,
      0.64,
      0.63,
      0.61,
      0.57,
      0.56,
      0.54,
      0.51,
      0.5,
      0.46,
      0.4,
      0.36,
      0.35,
      0.29,
      0.27,
      0.27,
      0.25,
      0.24,
      0.21,
      0.19,
      0.16,
      0.15,
      0.14,
      0.12,
      0.11,
      0.1,
      0.09,
      0.08,
      0.07,
      0.06,
      0.04,
      0.03,
      0.02,
      0.02,
      0.01,
      0.0
    ],
    "thresholds": [
      0.215,
      0.25,
      0.26,
      0.295,
      0.3,
      0.31,
      0.325,
      0.33,
      0.34,
      0.35,
      0.36,
      0.365,
      0.37,
      0.375,
      0.38,
      0.385,
      0.39,
      0.395,
      0.4,
      0.405,
      0.41,
      0.415,
      0.42,
      0.425,
      0.435,
      0.445,
      0.45,
      0.455,
      0.46,
      0.465,
      0.47,
      0.475,
      0.48,
      0.485,
      0.49,
      0.495,
      0.5,
      0.505,
      0.51,
      0.515,
      0.52,
      0.525,
      0.53,
      0.535,
      0.545,
      0.55,
      0.555,
      0.56,
      0.565,
      0.57,
      0.58,
      0.585,
      0.59,
      0.595,
      0.6,
      0.605,
      0.615,
      0.62,
      0.625,
      0.635,
      0.64,
      0.645,
      0.65,
      0.655,
      0.665,
      0.68,
      0.685,
      0.69,
      0.705,
      0.73,
      0.745,
      0.765,
      1.0
    ]
  }
}