{
  "mismatch_score": 0.05472370872881252,
  "final_score": 0.04763769602067248,
  "confidence": 0.12281008953518638,
  "pearson_correlation": 0.03306671514005113,
  "cross_correlation": 0.0376186263455296,
  "coherence": 0.03510508524103218,
  "dtw_similarity": 0.016628341161037462,
  "motion_mean": 0.007970445455506108,
  "motion_std": 0.01471948179215797,
  "motion_max": 0.008463950824546946,
  "motion_energy": 0.01143446313530372,
  "audio_mean": 0.009176429580612015,
  "audio_std": 0.010807960144131686,
  "audio_max": 0.008383869750647687,
  "audio_energy": 0.010333657033123273,
  "conf_sync_quality": 0.15963520178714,
  "conf_pearson_correlation": 0.02406481614730606,
  "conf_cross_correlation": 0.04707174479866493,
  "conf_coherence": 0.017387223663448758,
  "conf_dtw_similarity": 0.18147344803658533,
  "sync_quality": 0.11763321578395854,
  "correlation_consistency": 0.007666073265740306,
  "signal_ratio": 0.00920132402751836,
  "noise_ratio": 0.006986432601286584
}