{
  "evaluation": {
    "ensemble_metrics": {
      "accuracy": 0.955,
      "auc": 0.9844999999999999,
      "f1_score": 0.9560975609756097,
      "precision": 0.9333333333333333,
      "recall": 0.98,
      "mcc": 0.9111396372656011,
      "specificity": 0.93,
      "sensitivity": 0.98
    },
    "confusion_matrix": [
      [
        93,
        7
      ],
      [
        2,
        98
      ]
    ],
    "classification_report": {
      "FAKE": {
        "precision": 0.9789473684210527,
        "recall": 0.93,
        "f1-score": 0.9538461538461539,
        "support": 100.0
      },
      "REAL": {
        "precision": 0.9333333333333333,
        "recall": 0.98,
        "f1-score": 0.9560975609756097,
        "support": 100.0
      },
      "accuracy": 0.955,
      "macro avg": {
        "precision": 0.9561403508771931,
        "recall": 0.9550000000000001,
        "f1-score": 0.9549718574108819,
        "support": 200.0
      },
      "weighted avg": {
        "precision": 0.9561403508771931,
        "recall": 0.955,
        "f1-score": 0.9549718574108818,
        "support": 200.0
      }
    },
    "individual_results": {
      "XGBoost": {
        "train_accuracy": 0.955,
        "roc_auc": 0.9859,
        "f1_score": 0.9556650246305419,
        "cv_scores": [
          0.9625468164794008,
          0.9737827715355806,
          0.9624060150375939
        ],
        "cv_mean": 0.9662452010175251,
        "cv_std": 0.0053301771857664736
      },
      "LightGBM": {
        "train_accuracy": 0.95,
        "roc_auc": 0.9859,
        "f1_score": 0.9509803921568627,
        "cv_scores": [
          0.9588014981273408,
          0.9737827715355806,
          0.9624060150375939
        ],
        "cv_mean": 0.9649967615668386,
        "cv_std": 0.006384544563094126
      },
      "RandomForest": {
        "train_accuracy": 0.935,
        "roc_auc": 0.9808,
        "f1_score": 0.9359605911330049,
        "cv_scores": [
          0.9588014981273408,
          0.9737827715355806,
          0.9624060150375939
        ],
        "cv_mean": 0.9649967615668386,
        "cv_std": 0.006384544563094126
      },
      "CatBoost": {
        "train_accuracy": 0.95,
        "roc_auc": 0.986,
        "f1_score": 0.9509803921568627,
        "cv_scores": [
          0.9625468164794008,
          0.9812734082397003,
          0.9661654135338346
        ],
        "cv_mean": 0.9699952127509786,
        "cv_std": 0.008110562301589921
      }
    },
    "audio_features_used": 20,
    "visual_features_used": 0,
    "total_features_selected": 45
  }
}